Arrival Rate,Service Time,Throughput
2.26999,0.0751709897518158,47890
