Arrival Rate,Service Time,Throughput
2.26999,0.12365302109718322,29113
