Arrival Rate,Service Time,Throughput
0.46532799303531647,0.2406036376953125,14962
