Arrival Rate,Service Time,Throughput
0.17594354331493378,90.38330739569663,39
