Arrival Rate,Service Time,Throughput
0.20560516332968687,0.16600200335184734,21686
