Arrival Rate,Service Time,Throughput
0.48287112069129945,0.1338427095413208,26897
