Arrival Rate,Service Time,Throughput
0.4646940561532974,0.5186563818454742,6941
