Arrival Rate,Service Time,Throughput
0.12807334864139558,4.772888902187347,754
