Arrival Rate,Service Time,Throughput
4.99999,0.16631121253967285,21646
