Arrival Rate,Service Time,Throughput
0.1592893854379654,3.289795819282532,1094
