Arrival Rate,Service Time,Throughput
0.19446954607963562,22.816350535035134,157
