Arrival Rate,Service Time,Throughput
0.2035052091647417,5.682755900407448,633
