Arrival Rate,Service Time,Throughput
0.6202653288841248,0.14756582975387572,24395
