Arrival Rate,Service Time,Throughput
0.45540608167648317,0.18596137523651124,19358
