Mean,Count,Service Time
1,1,0.047325849533081055
1,2,0.1293799877166748
1,3,0.12010312080383301
1,4,0.2557981014251709
1,5,0.2453901767730713
1,6,0.12989401817321777
1,7,0.1699059009552002
1,8,0.2012310028076172
1,9,0.014616966247558594
1,10,0.3240218162536621
