Arrival Rate,Service Time,Throughput
1,0.04353411197662353,82693
2,0.02870323657989502,125421
4,0.04900436401367188,73462
8,0.0577120304107666,62378
