Mean,Count,Service Time
1,1,0.07604312896728516
1,2,0.09120798110961914
1,3,0.16136908531188965
1,4,0.17021393775939941
1,5,0.09178996086120605
1,6,0.22081303596496582
1,7,0.2521228790283203
1,8,0.1495828628540039
1,9,0.08702802658081055
1,10,0.09560680389404297
