Arrival Rate,Service Time,Throughput
0.1542628757770245,14.374023146384802,250
