Arrival Rate,Service Time,Throughput
0.17795438705346522,0.14093006341885297,25544
