Arrival Rate,Service Time,Throughput
0.16439888763427735,4.550668147683144,791
