Arrival Rate,Service Time,Throughput
0.22961341106891633,0.14335506343841553,25112
